Produtos|Preços
Placa de Vídeo XFX RX 9060 XT OC AMD Radeon, 16GB, GDDR6, 128bits, 20 Gbps, Triple Fan, RDNA 4 - RX-96TS316B7|R$ 3.239,90
Placa de Vídeo XFX RX 9060 XT OC Gaming AMD Radeon, 8GB, GDDR6, 128bits, 20 Gbps, FidelityFX, RDNA 4 - RX-96TSW8GBQ|R$ 2.699,99
Placa de Vídeo ASRock RX 9060 XT SL 16GO AMD Radeon, 16GB, GDDR6, 128bits, Triple Fan, OpenGL 4.6, RDNA 4 - RX9060XT SL 16GO|R$ 3.229,90
Placa de Vídeo XFX RX 9060 XT OC White Gaming AMD Radeon, 8GB, GDDR6, 128bits, 20 Gbps, FidelityFX, RDNA 4 - RX-96TSW8GWQ|R$ 2.729,90
Placa de Vídeo PowerColor RX 9060 XT Reaper AMD Radeon, 16GB, GDDR6, 128bits, OpenGL 4.6, RDNA 4 - RX9060XT 16G-A|R$ 3.229,90
Placa de Vídeo ASUS TUF RX 9060 XT OC 16G Gaming AMD Radeon, 16GB, GDDR6, 128bits, RGB, Triple Fan. OpenGL 4.6 - 90YV0LF0-M0NA00|R$ 3.799,90
Placa de Vídeo PowerColor RX 9060 XT Hellhound AMD Radeon, 8GB, GDDR6, 128bits, Tripe Fan, OpenGL 4.6 - RX9060XT 8G-L/OC|R$ 2.899,99
Placa de Vídeo PowerColor RX 9060 XT Hellhound AMD Radeon, 16GB, GDDR6, 128bits, Triple Fan, OpenGL 4.6 - RX9060XT 16G-L/OC|R$ 3.279,99
Placa de Vídeo ASUS PRIME RX 9060 XT OC 8G AMD Radeon, 8GB, GDDR6, 128bits, Triple Fan, OpenGL 4.6 - 90YV0MI0-M0NA00|R$ 3.099,99
Placa de Vídeo Gigabyte RX 9060 XT Gaming OC AMD Radeon, 16GB, GDDR6, 128bits, Triple Fan, OpenGL 4.6 - GV-R9060XTGAMING OC-16GD|R$ 3.499,99
Placa de Vídeo ASUS PRIME RX 9060 XT OC 16G AMD Radeon, 16GB, GDDR6, 128bits, Tripe Fan, OpenGL 4.6 - 90YV0LF1-M0NA00|R$ 3.499,99
Placa de Vídeo XFX RX 9060 XT OC White AMD Radeon, 16GB, GDDR6, 128bits, 20 Gbps, Triple Fan, FidelityFX, RDNA 4 - RX-96TS316W7|R$ 3.239,90
Placa de Vídeo SAPPHIRE RX 9060 XT PURE AMD Radeon, 16GB, GDDR6, 20 Gbps, FidelityFX, RDNA 4 - 11350-02-20G|R$ 3.229,90
Placa de Vídeo ASRock RX 9060 XT CL 16GO AMD Radeon, 16GB, GDDR6, 128bits, OpenGL 4.6, RDNA 4 - RX9060XT CL 16GO|R$ 3.039,90
Placa de Vídeo PowerColor RX 9060 XT Reaper AMD Radeon, 8GB, GDDR6, 128bits, OpenGL 4.6, RDNA 4 - RX9060XT 8G-A|R$ 2.699,99
Placa de Vídeo ASUS DUAL RX 9060 XT 8G AMD Radeon, 8GB GDDR6, 128bits, OpenGL 4.6 - 90YV0MI1-M0NA00|R$ 2.899,99
Placa de Vídeo SAPPHIRE RX 9060 XT PULSE AMD Radeon, 16GB, GDDR6, 20 Gbps, FidelityFX, RDNA 4 - 11350-03-20G|R$ 3.179,90
Placa de Vídeo ASRock RX 9060 XT SL 8GO AMD Radeon, 8GB, GDDR6, 128bits, Triple Fan, OpenGL 4.6, RDNA 4 - RX9060XT SL 8GO|R$ 2.799,99
Placa de Vídeo ASRock RX 9060 XT CL 8GO AMD Radeon, 8GB, GDDR6, 128bits, OpenGL 4.6, RDNA 4 - RX9060XT CL 8GO|R$ 2.629,90
Placa de Vídeo SAPPHIRE RX 9060 XT PULSE AMD Radeon, 8GB, GDDR6, 20 Gbps, FidelityFX, RDNA 4 - 11350-04-20G|R$ 2.599,99
Placa de Vídeo ASRock RX 9060 XT SL 8GO AMD Radeon, 8GB, GDDR6, 128bits, Triple Fan, OpenGL 4.6, RDNA 4 - RX9060XT SL 8GO|R$ 2.799,99
Placa de Vídeo XFX AMD RADEON RX 7600 Gaming Graphics Card, 8GB, GDDR6 - RX-76PMBABFY|R$ 1.739,90
Placa de Vídeo RX 6600 CLD 8G ASRock AMD Radeon, 8GB, GDDR6 - 90-GA2RZZ-00UANF|R$ 1.599,90
Placa de Vídeo PNY GeForce RTX 4060, 8GB XLR8 Gaming VERTO, Overclocked, Dual Fan, DLSS 3 - VCG40608DFXPB1-O|R$ 2.199,99
Placa de Vídeo RX 7600 Challenger ASRock AMD Radeon, 8GB GDDR6 - 90-GA41ZZ-00UANF|R$ 1.799,99
Placa de Vídeo ASRock RX 6600 Challenger White AMD Radeon, 8GB, GDDR6, DirectX 12 Ultimate, RDNA 2 - 90-GA4UZZ-00UANF|R$ 1.649,90
Placa de Vídeo RX 7800XT Gaming 16G XFX Speedster QICK319 AMD Radeon, 16GB DDR6, HDMI 3xDP 3 FAN - RX-78TQICKF9|R$ 3.799,99
Placa de Vídeo Gigabyte RTX 5070 WINDFORCE OC SFF 12G NVIDIA GeForce, 12GB GDDR7, 192bits, DLSS, Ray Tracing - 9VN5070WO-00-G10|R$ 4.599,99
Placa de Vídeo RTX 4060 TI Rog-Strix O8G Gaming NVIDIA GeForce, 8GB GDDR6, ARGB, DLSS, Ray Tracing, G-Sync - ROG-STRIX-RTX4060TI-O8G-GAMING|R$ 3.499,90
Placa de Vídeo Sapphire Pulse RX 6500 XT Gaming OC AMD, 8GB, GDDR6, 2855MHz, HDMI e DP - 11314-08-20G|R$ 1.299,99
Placa de Vídeo Gigabyte RTX 5070 Ti WINDFORCE SFF 16G NVIDIA GeForce, 16GB, GDDR7, 256bits, DLSS, Ray Tracing - 9VN507TW-00-G10|R$ 6.899,99
Placa de Vídeo MSI GeForce RTX 5070 12G VENTUS 2X OC,12 GB GDDR7, 28Gbps, NVIDIA GeForce RTX 5070- G5070-12V2C|R$ 4.599,99
Placa de Vídeo Gigabyte RTX 3050 Windforce OC NVIDIA GeForce, 6GB, GDDR6, DLSS, Ray Tracing - GV-N3050WF2OCV2-6GD|R$ 1.379,90
Placa de Vídeo RX 7600 Series Graphics Cards XFX AMD Radeon, 8GB GDDR6 - RX-76PQICKBY|R$ 1.899,99
Placa de Vídeo RTX 4060 TI O8G EVO OC ASUS NVIDIA GeForce, 8GB, GDDR6, DLSS3, Ray Tracing, G-Sync - 90YV0J49-M0NA00|R$ 3.079,99
Placa de Vídeo RX 6650XT XFX Speedster SWFT210 AMD Radeon, 8GB GDDR6, HDMI 3xDP 2 FAN - RX-665X8DFDY|R$ 1.799,99
Placa de Vídeo G210 PCYes Projeto Edge Low Profile NVIDIA GeForce, 1GB DDR3 - PPE210DR3SFBR|R$ 129,99
Placa de Vídeo RX 6500 XT V2 OC Edition, 4GB GDDR6, Axial-tech fans, 2-slot design - DUAL-RX6500XT-O4G-V2|R$ 1.099,99
Placa de Vídeo Galax NVIDIA GeForce RTX 3060, 12GB GDDR6, LHR, 1-Click OC, 15GBps, Ray Tracing, DLSS - 36NOL7MD1VOC|R$ 2.789,10
Placa de Vídeo G610 Projeto Edge Low Profile PCYes NVIDIA GeForce, 2GB, DDR3 - PPE610DR3LPBR|R$ 189,98
Placa de Vídeo PNY NVIDIA GeForce GT 1030, 2GB, GDDR4 - GMG103WE3G2CX1KTP|R$ 449,99
Placa de Vídeo RTX 5070 WINDFORCE SFF 12G Gigabyte NVIDIA GeForce, 12GB, GDDR7, 192bits, DLSS, Ray Tracing - 9VN5070W-00-G10|R$ 4.399,99
Placa de Vídeo RTX 4060 Ti OC Edition Asus TUF Gaming NVIDIA GeForce, 8GB, GDDR6, ARGB, DLSS - TUF-RTX4060TI-O8G-GAMING|R$ 3.499,99
Placa de Vídeo Gigabyte RTX 5070 GAMING OC 12G NVIDIA GeForce, 12GB GDDR7, 192bits, RGB, DLSS, Ray Tracing - 9VN5070GO-00-G10|R$ 4.849,90
Placa De Vídeo Asus RTX 3050 Oc Dual 6gb Nvidia Geforce Gddr6 Dual-RTX3050-6g|R$ 1.550,00
Placa De Vídeo RTX 3050 Msi Geforce, Low Profile, 6GB, GDDR6, 96 Bits - 912-V812-023|R$ 1.347,00
Placa de Vídeo GTX 750 TI PCYes NVIDIA GeForce, 4GB GDDR5, 128 Bit, Full Size - PA750TIR5DFFS|R$ 599,99
Placa de Vídeo RX 7600 XT ASUS AMD Radeon Tuf 16G Gaming OC, 16GB GDDR6 - 90YV0K20-M0NA00|R$ 2.999,90
Placa de Vídeo Gigabyte RTX 5070 Ti GAMING OC 16G NVIDIA GeForce, 16GB GDDR7, 256bits, RGB, DLSS, Ray Tracing - 9VN507TGO-00-G10|R$ 7.299,90
Placa de Vídeo ASUS RTX5090 ROG Astral Gaming OC NVIDIA GeForce, 32GB, GDDR7, ARGB, G-Sync, Ray Tracing, DLSS 4, HDR - 90YV0LW0-M0NA00|R$ 21.999,90
Placa de Vídeo RX 7600 XT OC ASUS AMD Radeon Dual O16G, 16GB GDDR6 - 90YV0K21-M0NA00|R$ 2.799,90
Placa de Vídeo RX 7600 Steel Legend ASRock AMD Radeon, 8GB GDDR6, ARGB - 90-GA4DZZ-00UANF|R$ 2.199,90
Placa De Vídeo Nvidia Geforce Galax RTX4060 8GB Gddr6 128 Bits Black Gf 1-click Oc - 46nsl8mdapco|R$ 2.449,99
Placa de Vídeo XFX Swift RX 9070 XT TRIPLE FAN GAMING EDITION WITH AMD Radeon, 16GB, GDDR6, HDMI 3xDP, RDNA 4 - RX-97TSWF3B9|R$ 5.689,99
Placa de Vídeo MSI GeForce RTX 5080 16G SHADOW 3X OC, 16GB GDDR7, 256 bits, NVIDIA® GeForce RTX? 5080 - G5080-16S3C|R$ 9.499,90
Placa de Vídeo Gigabyte RTX 5080 AERO OC, NVIDIA, 16GB, GDDR7, BIOS DUAL, IA com FP4, DLSS 4 - GV-N5080AERO OC-16GD G10|R$ 10.529,90
Placa de Vídeo Gigabyte RX 9070 XT GAMING OC 16G AMD Radeon, RGB, 16GB, GDDR6, 256bits, OpenGL 4.6 - GV-R9070XTGAMING OC-16GD|R$ 6.299,89
Placa de Vídeo MSI GeForce RTX 5070 Ti 16G INSPIRE 3X OC PLUS NVIDIA GeForce, 16GB, GDDR7, 256 bits, FP4 e DLSS 4 - G507T-16I3CP|R$ 7.499,99
Placa de Vídeo XFX Mercury RX 9070 XT OC Magnetic Air Edition with AMD Radeon, RGB, 16GB, GDDR6, HDMI 3xDP, RDNA 4 - RX-97TMARGB9|R$ 6.299,99
Placa de Vídeo ASUS PRIME RTX 5060 O8G NVIDIA GeForce, 8GB GDDR7, 2595MHz, 128 bits, DLSS 4, Triple Fan, Ray Tracing - PRIME-RTX5060-O8G|R$ 2.699,99
Placa De Vídeo Galax, Geforce RTX 3050 Ex V2 (1-click Oc), 6gb, Gddr6 - 35nrldhp9oid|R$ 1.781,90
Placa de Vídeo XFX Mercury RX 9070 XT OC GAMING EDITION WITH AMD Radeon, RGB, 16GB, GDDR6, HDMI 3xDP, RDNA 4 - RX-97TRGBBB9|R$ 5.999,99
Placa de Vídeo XFX Quicksilver RX 9070 XT GAMING EDITION WITH 16GB AMD Radeon, GDDR6, HDMI 3xDP, RDNA 4 - RX-97TQICKB9|R$ 5.499,99
Placa de Vídeo RTX 5060 Ti EAGLE OC 16G Gigabyte NVIDIA GeForce, 16GB GDDR7, 128bits, RGB, DLSS, Ray Tracing - GV-N506TEAGLE OC-16GD|R$ 4.149,90
Placa de Vídeo Gigabyte RTX 5070 Ti AORUS MASTER 16G NVIDIA GeForce, 16GB GDDR7, 256bits, RGB, DLSS, Ray Tracing - 9VN507TAM-00-G10|R$ 7.979,90
Placa De Vídeo Gigabyte Geforce RTX 3050 Windforce Oc V2 6gb Gddr6 96 Bit|R$ 1.776,50
Placa de Vídeo ASUS DUAL RTX 5060 O8G NVIDIA GeForce, 8GB GDDR7, 2565MHz, 128 bits, OpenGL 4.6, DLSS 4, Ray Tracing - DUAL-RTX5060-O8G|R$ 2.599,99
Placa De Vídeo Gamer 8GB Rx580 GDDR5, PCi-e 3.0x16, 256bits,clock 7000mhz, HDMI Displayport, Alto Desempenho|R$ 947,81
Placa De Video Pcyes GTX 1660 Super NVIDIA GeForce 6GB, GDDR6, 192bits - Pa1660s6gr6df|R$ 1.730,81
Placa de Vídeo RTX 5090 GAMING OC 32G Gigabyte NVIDIA GeForce, 32GB GDDR7, 512bits, RGB, DLSS, Ray Tracing - GV-N5090GAMING OC-32GD|R$ 19.899,90
Placa de Vídeo Asus Dual NVIDIA GeForce RTX 4060 TI EVO OC, 8GB, GDDR6, 128 Bits - DUAL-RTX4060TI-O8G-EVO|R$ 5.507,91
Placa De Video PCyes Rx 570 Radeon 8GB GDDR5 256bits Pvex5708GB2f|R$ 1.087,35
Placa de Vídeo MSI Geforce RTX 5070 TI 16G VENTUS 3X OC, NVIDIA, 16GB, GDDR7, Até 2497MHz - G507T-16V3C|R$ 7.199,99
Placa de Vídeo PCyes NVIDIA RTX 2060 Graffiti Series, 6GB, GDDR6, Preto - PA2060RTX6GDF|R$ 1.584,41
Placa de Vídeo ASRock AMD Radeon, RX 6600 CLD 8G, 8GB, GDDR6, 128 Bits - 90-GA2RZZ-00UANF|R$ 1.639,00
Vga Msi Nv Gf RTX5060 8GB Gddr7 128bits Shadow 2x Oc 912-v537-037|R$ 2.699,00
Placa de Vídeo MSI RTX 5060 Ti 8G VENTUS 2X OC PLUS NVIDIA GeForce, 8GB GDDR7, 128-bit, 2617 MHz, FP4 e DLSS 4, Ray Tracing - G506T-8V2CP|R$ 3.249,99
Placa de Vídeo RTX 4060 TI DUAL 8G OC EVO White ASUS NVIDIA GeForce, 8GB GDDR6, DLSS, Ray Trancing, G-Sync - DUAL-RTX4060TI-O8G-EVO-WHITE|R$ 3.099,99
Placa de Vídeo RTX 5060 Ti GAMING OC 16G Gigabyte NVIDIA GeForce, 16GB GDDR7, 128bits, RGB, DLSS, Ray Tracing - GV-N506TGAMING OC-16GD|R$ 4.199,99
Placa de Vídeo Palit RTX 5070 GamingPro NVIDIA GeForce, 12GB, GDDR7, ARGB SYNC EVO, G-Sync, Ray Tracing, DLSS 4 - NE75070019K9-GB2050A|R$ 4.799,90
Placa De Video Vx Pro Geforce G210 512mb Ddr3 64 Bits G210lp-512md3 HDMI/vga/dvi|R$ 90,10
Placa De Vídeo Galax GeForce RTX 4060, 8GB, 1 Click Oc V2, GDDR6, 128 Bits - 46nsl8md9nxv|R$ 2.703,55
Placa de Vídeo Gigabyte RTX 5070 EAGLE OC SFF 12G NVIDIA GeForce, 12GB GDDR7, 192bits, RGB, DLSS, Ray Tracing - 9VN5070EO-00-G10|R$ 4.799,90
Placa de Vídeo Gigabyte RTX 5070 Ti WINDFORCE OC SFF 16G NVIDIA GeForce, 16GB GDDR7, 256bits, DLSS, Ray Tracing - 9VN507TWO-00-G10|R$ 6.899,99
Placa de Vídeo XFX Mercury RX 9070 XT Gaming Graphics Card AMD Radeon, 16GB, GDDR6, FidelityFX, RDNA 4 - RX-97TMERCB9|R$ 5.799,99
Placa de Vídeo Gigabyte RTX 5080 GAMING OC, NVIDIA, 16GB, GDDR7, BIOS DUAL, IA com FP4, DLSS 4 - GV-N5080GAMING OC-16GD G10|R$ 9.979,90
Placa de Vídeo GALAX RTX 5070 1-Click OC NVIDIA GeForce, 12GB, GDDR7, 192 Bit, Ray Tracing, DLSS 4 - 57NON7MDBROC|R$ 4.899,90
Placa de Vídeo Galax GeForce RTX 3050 EX V2, 6GB, GDDR6, 96 Bits - 35NRLDHP9OID|R$ 1.449,90
Placa de Vídeo Palit RTX 5070 Ti GameRock NVIDIA GeForce OC, 16GB, GDDR7, ARGB SYNC EVO, Ray Tracing, DLSS 4 - NE7507TH19T2-GB2030G|R$ 7.299,90
Placa de Vídeo RX 550 AMD PCYes Dual Fan Projeto Edge, 4GB GDDR5, 128 BITS - PVEX5504GBDF|R$ 549,90
Placa de Vídeo Gigabyte RTX 5070 AERO 12G NVIDIA GeForce, 12GB GDDR7, 192bits, RGB, DLSS, Ray Tracing - 9VN5070AO-00-G10|R$ 5.399,90
Placa de Vídeo ASUS PRIME RTX 5070 O12G NVIDIA Geforce, 12GB, GDDR7, Blackwell e DLSS4, Ray Tracing, Edição OC - 90YV0M10-M0NA00|R$ 4.699,99
Placa de Vídeo Gigabyte RTX 5070 Ti EAGLE OC ICE SFF 16G NVIDIA GeForce, 16GB GDDR7, 256bits, RGB, DLSS, Ray Tracing - 9VN507TEOI-00-G10|R$ 7.899,99
Placa de Vídeo ASUS TUF RTX 5060 O8G GAMING NVIDIA GeForce, 8GB GDDR7, 2677MHz, DLSS 4, Triple Fan, Ray Tracing - TUF-RTX5060-O8G-GAMING|R$ 3.099,90
Placa de Vídeo Gamer Delta RX580, 8GB, 256Bits, DVI/HDMI/DP - DELTARX580|R$ 980,90
Placa de Vídeo ASRock RX550 LP 4G AMD Radeon, 4GB, 128 Bit, GDDR5, DirectX 12 - 90-GA4TZZ-00UANF|R$ 699,99
Placa de Vídeo PCYes RTX 2060 NVIDIA GeForce GEF 6GB, GDDR6, 192 Bits, Dual FAN, Full Size|R$ 1.580,00
Placa de Vídeo ASUS RTX 5080 TUF GAMING OC 16G NVIDIA GeForce, 16GB, GDDR7, G-Sync, Ray Tracing, DLSS 4, HDR - 90YV0M30-M0NA00|R$ 11.999,99
Placa de Vídeo MSI RTX 5070 12G GAMING TRIO OC NVIDIA GeForce, 12GB, GDDR7, 2610 MHz, DLSS4, Ray Tracing - G5070-12GTC|R$ 5.359,90
Placa de Vídeo GALAX RTX 5070 1-Click OC White NVIDIA GeForce, 12GB, GDDR7, 192 Bits, Ray Tracing, DLSS 4 - 57NON7MDBSWH|R$ 4.899,99
Placa de Vídeo PowerColor AMD Radeon RX550, 4GB, GDDR5, 128 Bits - 4GBD5-HLE|R$ 508,45
Placa de Vídeo MSI Geforce RTX 5070 12G VANGUARD SOC LAUNCH EDITION NVIDIA GeForce, 12GB, GDDR7, 192 bits, FP4 e DLSS 4 - G5070-12VGSL|R$ 5.799,99
Placa de Vídeo Quadro T400 PNY NVIDIA, 4GB, GDDR6, PCIe 3.0 - VCNT4004GB-PB|R$ 1.384,90
Placa De Video PCi-e 1gb PCyes Edge G 210 - 64 Bits - Dvi/hdmi/vga - Low Profile - Ppe210dr3sfbr|R$ 155,40
Placa de Vídeo MSI RTX 5080 16G GAMING TRIO OC NVIDIA GeForce, 16GB, GDDR7, G-Sync, Ray Tracing, DLSS 4, HDR - G5080-16GTC|R$ 10.999,99
Placa de Vídeo MSI RTX 5060 Ti 16G GAMING TRIO OC NVIDIA GeForce, 16GB GDDR7, 128-bit, 2662 MHz, FP4 e DLSS 4, Ray Tracing - G506T-16GTC|R$ 4.499,99
Placa de Vídeo Palit RTX 5070 GamingPro OC NVIDIA GeForce, 12GB, GDDR7, ARGB SYNC EVO, G-Sync, Ray Tracing, DLSS 4 - NE75070T19K9-GB2050A|R$ 4.999,90
Placa de Vídeo Sapphire PULSE RX 9070 XT GAMING AMD Radeon, 16GB, GDDR6, Dual HDMI, Dual DP, RDNA 4 - 11348-03-20G|R$ 5.849,90
Suporte Placa De Vídeo, 50-80mm, Vertical, Rosqueável, Preto, Coolmoon GH-80|R$ 42,61
Suporte Para Placa De Vídeo Vertical Redragon Gcp03, Preto|R$ 102,00
Placa de Vídeo RTX 5080 AORUS MASTER ICE 16G Gigabyte NVIDIA GeForce, 16GB GDDR7, 256bits, RGB, DLSS, Ray Tracing - GV-N5080AORUSM ICE-16GD|R$ 11.299,90
Placa de Vídeo Gigabyte RTX 5070 Ti EAGLE OC SFF 16G NVIDIA GeForce, 16GB GDDR7, 256bits, RGB, DLSS, Ray Tracing - 9VN507TEO-00-G10|R$ 7.399,90
Placa de Vídeo Gigabyte RTX 5070 EAGLE OC ICE SFF 12G NVIDIA GeForce, 12GB GDDR7, 192bits, RGB, DLSS, Ray Tracing - 9VN5070EOI-00-G10|R$ 4.989,90
Placa de Vídeo RX 7700XT Gaming 12G XFX Speedster QICK AMD Radeon, 12GB GDDR6, HDMI, 3xDP 3 FAN - RX-77TQICKB9|R$ 3.399,99
Placa de Vídeo Gigabyte AMD Radeon RX 6500 XT Eagle, 4GB GDDR6, FSR, Ray Tracing - GV-R65XTEAGLE-4GD|R$ 1.164,49
Placa De Video Pcyes AMD Radeon R7 240, 4GB, GDDR5, 128 Bits, Single-fan, Gaming Edition - Pvr2404gbr5128|R$ 405,00
Placa de Vídeo ASRock RX6400 LP 4G AMD Radeon, 4GB, GDDR6, DirectX 12 Ultimate, RDNA 2 - 90-GA53ZZ-00UANF|R$ 1.099,99
Placa de Vídeo Afox RX 550 AMD Radeon 4GB, GDDR5, 128 Bits - AFRX550-4096D5H4-V5|R$ 599,90
Placa de Vídeo Gigabyte RTX 5070 Ti AERO OC 16G NVIDIA GeForce, 16GB GDDR7, 256bits, RGB, DLSS, Ray Tracing - 9VN507TAO-00-G10|R$ 8.159,90
Placa de Vídeo Gigabyte RTX 5080 AORUS MASTER, NVIDIA, 16GB, GDDR7, BIOS DUAL, IA com FP4, DLSS 4 - GV-N5080AORUS M-16GD G10|R$ 12.743,69
Placa de Vídeo Palit RTX 5090 GameRock NVIDIA GeForce, 32GB, GDDR7, ARGB SYNC EVO, G-Sync, Ray Tracing, DLSS 4 - NE75090019R5-GB2020G|R$ 19.599,99
Placa de Vídeo Inno3D GT710 NVIDIA GeForce, 2Gb SDDR3, HDMI, DVI e VGA - N710-1SDV-E3BX|R$ 309,99
Placa de Vídeo Afox AMD Radeon R5 220, 2GB SDDR3 - AFR5220-2048D3L5-V2|R$ 170,99
Placa De Vídeo Zotac NVIDIA Geforce RTX 4060 Twin Edge Oc, 8GB, GDDR6, 128 Bits, HDMI E Displayport - Zt-d40600h-10m|R$ 3.062,60
Placa de Vídeo Gigabyte RX 9070 GAMING OC 16G AMD Radeon, 16GB, GDDR6, 256bits, RGB, OpenGL 4.6 - GV-R9070GAMING OC-16GD|R$ 5.459,99
Placa de Vídeo RTX 5060 Ti EAGLEOC ICE 16G Gigabyte NVIDIA GeForce, 16GB GDDR7, 128bits, RGB, DLSS, Ray Tracing - GV-N506TEAGLEOC ICE-16GD|R$ 4.199,90
Placa De Vídeo Valianty Radeon Rx 550, 4gb, GDDR5, 128-bit, Preto|R$ 510,90
Placa De Vídeo RTX 5060TI Windforce Oc Sff Nvidia Gigabyte, 16GB, GDDR7, 128Bits - Gv-N506twf2oc-16gd|R$ 5.311,44
Placa de Vídeo ASRock A310 LP 4G, 4GB Intel Arc, 64 Bit, GDDR6, DirectX 12 Ultimate - 90-G4NZZ-00UANF|R$ 859,99
Placa de Vídeo RX 7900 XT Sapphire AMD, 20 GB GDDR6 - 11323-02-20G|R$ 5.799,99
Placa de Vídeo RX 7900 XTX Phantom Gaming AsRock AMD, 24GB GDDR6, ARGB, Polychrome SYNC - 90-GA3YZZ-00UANF|R$ 6.499,99
Suporte Placa De Vídeo, 80-120mm, Vertical, Rosqueável, Preto, Coolmoon GH-120|R$ 46,41
Placa De Vídeo GDDR5 2gb PCle 2.0 128bit 625mhz|R$ 275,00
Placa De Vídeo Brx Amd Radeon Rx 580, 16gb, GDDR5, 256 Bits, Pvbrx-rx58016gb|R$ 1.490,00
Placa de Vídeo ASRock RX 6400 CLI 4G AMD Radeon, 4GB, GDDR6, DirectX 12 Ultimate, RDNA 2 - 90-GA3CZZ-00UANF|R$ 1.099,99
Placa de Vídeo ASUS TUF RTX5090 O32G GAMING, NVIDIA, 32GB, GDDR7, 512bits - 90YV0LY0-M0NA00|R$ 22.999,99
Placa de Vídeo RX 7800 XT Magnetic Air Gaming Graphics Card with XFX Qicksilver White AMD Radeon, 16GB GDDR6, Freesync - RX-78TMAIRW9|R$ 3.799,99
Placa de Vídeo RX 7900XTX BLACK Gaming 24G XFX Speedster MERC310 AMD Radeon, 24GB DDR6, 3 FAN - RX-79XMERCB9|R$ 6.759,99
Placa De Vídeo RTX 4060 8GB Python Ii Gddrd6 128b Gainward - Ne64060019p1-1070v|R$ 2.590,80
Placa De Vídeo Gamer Nvidia Geforce Gtx750ti 4gb GDDR5|R$ 559,90
Placa de Vídeo ASRock RX 6500 XT PG 8GO AMD Radeon, 4GB, GDDR6, DirectX 12 Ultimate, RDNA 2 - 90-GA3VZZ-00UANF|R$ 1.499,99
Placa de Vídeo MSI RTX 5080 16G VENTUS 3X OC PLUS NVIDIA GeForce, 16GB, GDDR7, G-Sync, Ray Tracing, DLSS 4, HDR - G5080-16V3CP|R$ 9.759,99
Placa de Vídeo RX 7900XT Gaming 20G XFX Speedster MERC310 Radeon, 20GB DDR6 HDMI 3 FAN - RX-79TMERCU9|R$ 5.259,99
Placa de Vídeo Quadro T1000 PNY NVIDIA, 8GB, GDDR6, PCIe 3.0 - VCNT10008GB-PB|R$ 3.179,99
Placa De Video RTX3050 6gb Gddr6 96bit 1-clickoc Galax 35nrldhp90dv|R$ 1.392,73
Placa De Video Vxpro 4gb Nvidia Gt 730 Ddr3 Low Profile Gt730lp-4gd3-c|R$ 272,00
Placa De Video Vx Pro Nvidia Geforce Gt610lp, 2gb, Ddr3, 64bit, Gt610lp-2gd3 *|R$ 191,05
Placa de Vídeo Inno3D RTX 5080 X3 NVIDIA GeForce, 16GB, GDDR7, G-Sync, Ray Tracing, DLSS 4, HDR - N50803-16D7-176068N|R$ 8.599,99
Placa de Vídeo RTX 5080 AORUS XTREME WATERFORCE 16G Gigabyte NVIDIA GeForce, 16GB GDDR7, RGB, DLSS, Ray Tracing - 9VN5080AW-00-G10|R$ 13.999,99
Placa de Video Inno3D RTX 5090 X3 OC Geforce Nvidia, 32GB, GDDR7, 512bits, DLSS 4, Tripe Fan, Ray Tracing - N50903-32D7X-17593928|R$ 19.199,99
Placa de Vídeo Palit RTX 5080 GameRock OC NVIDIA GeForce, 16GB, GDDR7, ARGB SYNC EVO, G-Sync, Ray Tracing, DLSS 4 - NE75080T19T2-GB2030G|R$ 10.699,90
Placa de Vídeo Sapphire NITRO+ RX 9070 XT GAMING OC AMD Radeon, 16GB, GDDR6, Dual HDMI, Dual DP, RDNA 4 - 11348-01-20G|R$ 6.899,90
Placa de Vídeo Afox AMD Radeon RX 550, 4GB GDDR5, 128 Bits - AFRX550-4096D5H4-V6|R$ 947,97
Placa De Vídeo Nvidia Geforce Gt740, GDDR5 4g, Clock 5.000mhz, PCi Express 3.0, Saídas De Vídeo HDMI Vga E Dvi, Resolução 2560x1600p|R$ 404,90
Placa De Vídeo RTX 5060 Windforce Oc Nvidia Gigabyte, 8GB, GDDR7, 128 Bits - 9vn5060wo-00-G10|R$ 2.888,42
Placa De Video Galax Geforce RTX 5070 Ti Ex Gamer 1-click Oc, 16gb, Gddr7, 256-bit, 57izn6mdbuex|R$ 7.213,00
Placa De Video RTX4060 8GB Gddr6 128bits Dual Fan Verto Pny Vcg40608dfxpb1-o|R$ 2.575,08
Placa de Vídeo Gigabyte RTX 5060 Ti GAMING OC 8G NVIDIA GeForce, 8GB GDDR7, RGB, DLSS, Ray Tracing - GV-N506TGAMING OC-8GD|R$ 3.399,99
Placa de Vídeo RX 7900 XTX Taichi ASRock AMD Radeon, White 24G OC - RX7900XTX TCW 24GO|R$ 6.999,99
Placa de Vídeo X 7800 XT GAMING PULSE Sapphire AMD RADEON, 16GB GDDR6 DUAL HDMI - 11330-02-20G|R$ 4.299,99
Placa De Vídeo BRX Geforce Gt730, 4GB, 128 Bits, DDR3|R$ 265,52
Placa De Video Amd Radeon Rx 560 4gb 128bits GDDR5 HDMI Gamer|R$ 610,13
Placa De Vídeo Gt730 Nvidia Geforce - 4gb Ddr3 - 128bit - HDMI/hdmi/vga - Clanm|R$ 344,90
Placa De Vídeo Nvidia Geforce Msi RTX5060ti 16gb Gddr7 128bits Gaming Trio Oc 912-v535-030|R$ 4.793,99
Placa De Video Vx Pro Amd Radeon Rx580, 8GB, 256bits, Rx580-8gd5 Vx Pro|R$ 954,01
Placa de Vídeo ASUS RTX 5080 PRIME OC 16G NVIDIA GeForce, 16GB, GDDR7, G-Sync, Ray Tracing, DLSS 4, HDR - 90YV0LX0-M0NA00|R$ 10.799,99
Placa de Vídeo Gigabyte RTX 5060 Ti AERO OC 8G NVIDIA GeForce, 8GB GDDR7, DLSS, Ray Tracing - GV-N506TAERO OC-8GD|R$ 3.499,90
Placa de Vídeo MSI RTX 5080 16G VANGUARD SOC LAUNCH EDITION NVIDIA GeForce, 16GB, GDDR7, G-Sync, Ray Tracing, DLSS 4, HDR - G5080-16VGSL|R$ 11.499,99
Placa de Vídeo Galax RTX 5080 1-Click OC 3X NVIDIA GeForce, 16GB, GDDR7, G-Sync, DLSS 4, Ray Tracing, HDR - 58NZN6MDBBOC|R$ 10.267,00
Placa de Vídeo Sapphire PURE AMD RADEON RX 9070 XT Gaming OC, 16GB, GDDR6, Dual HDMI, Dual DP - 11348-02-20G|R$ 6.299,90
Placa de Vídeo MSI RTX 3050 Ventus 2X OC, 6GB RAM, GDDR6, 96 Bits - 912-V812-016|R$ 1.713,09
Placa De Vídeo Brx Amd Radeon Rx 580, 8GB, GDDR5, 256 Bit, Amd-rx580-8g-2048sp|R$ 999,90
Placa De Vídeo Valianty Geforce Gt 750ti, 4gb, GDDR5, 128-bit, Preto|R$ 530,90
Placa de Vídeo PowerColor AMD RX 550 Radeon, 4GB DDR5 - AXRX 550 4GBD5-DH|R$ 1.984,50
Placa De Vídeo Asus Geforce RTX 5090 Tuf Gaming Oc 32gb Gddr7 512bits|R$ 20.599,00
Placa De Vídeo Amd Rx560 Ddr5 4gb Clock 6000mhz 128bit HDMI|R$ 578,20
Placa de Vídeo PCyes GeForce GTX 750 Ti, 4GB, GDDR5, 128bits, Dual Fan - Pa750tir5dffs|R$ 668,10
Placa De Vídeo PCyes Nvidia Geforce Gt 740 4gb GDDR5 128 Bits - Pvgt740gb4pe|R$ 464,12
Placa de Vídeo PCYes NVIDIA GeForce GTX 1650 Super, 4GB GDDR6, 128 Bits|R$ 1.507,07
Placa De Video Gigabyte Geforce RTX 5070 Gaming Oc 12gb Gddr7 192 Bits - Gv-n5070gaming Oc-12gd|R$ 5.529,00
Placa de Vídeo PNY NVIDIA GeForce Quadro Turing T1000, 4GB GDDR6, 128 Bits, DP - VCNT1000-PB|R$ 2.813,64
Placa De Video Nvidia Geforce GT 740 4GB GDDR5 128 Bits, VGA HDMI DVI Single Fan - Aitek|R$ 395,82
Placa de Vídeo MSI GeForce RTX 5080 16G SUPRIM SOC NVIDIA GeForce, 16GB GDDR7, Ray Tracing, FP4 e DLSS 4 - G5080-16SPS|R$ 11.999,99
Placa de Vídeo Gigabyte RTX 5090 AORUS MASTER 32G NVIDIA GeForce, 32GB, GDDR7, RGB, G-Sync, Ray Tracing, DLSS 4, HDR - GV-N5090AORUS M-32GD|R$ 20.799,90
Placa de Vídeo MSI RTX 5090 32G GAMING TRIO OC NVIDIA GeForce, 32GB, GDDR7, G-Sync, Ray Tracing, DLSS 4, HDR - G5090-32GTC|R$ 22.499,99
Placa de Vídeo Palit RTX 5080 GameRock NVIDIA GeForce, 16GB, GDDR7, ARGB SYNC EVO, G-Sync, Ray Tracing, DLSS 4 - NE75080019T2-GB2030G|R$ 10.299,99
Placa de Vídeo Palit RTX 5090 GameRock OC NVIDIA GeForce, 32GB, GDDR7, ARGB SYNC EVO, G-Sync, Ray Tracing, DLSS 4 - NE75090S19R5-GB2020G|R$ 18.999,99
Placa De Vídeo Pny Nvidia Quadro RTX A1000, 8GB, Gddr6, 128bits - VcnRTXa1000atx-pb|R$ 3.757,08
Placa de Vídeo Gigabyte RTX 5090 WINDFORCE OC 32G NVIDIA GeForce, 32GB, GDDR7, G-Sync, DLSS 4, Ray Tracing, HDR - GV-N5090WF3OC-32GD|R$ 18.899,99
Placa de Vídeo MSI RTX 5090 32G VANGUARD SOC LAUNCH EDITION NVIDIA GeForce, 32GB, GDDR7, G-Sync, Ray Tracing, DLSS 4, HDR - G5090-32VGSL|R$ 25.999,99
Placa de Vídeo Inno3D RTX 5070 Ti X3 OC white NVIDIA Geforce, 16GB, GDDR7, 256bits, DLSS 4 - N507T3-16D7X-176068W|R$ 7.399,99
Placa De Video RTX 2060 Super Gddr6 8GB 256bit Graffiti Series - Pa2060s25608g6fs|R$ 2.254,00
Placa De Vídeo Gigabyte Geforce RTX 5060 Gaming Oc, 8GB, Gddr7, 128bit, Preto|R$ 3.086,55
Placa De Video Gt610 2gb Ddr3 Revenger HDMI Vga Dvi|R$ 176,95
Placa de Vídeo Duex NVIDIA GeForce GTX 750 TI, 4GB GDDR5, 128 Bits - DX GTX750TI-4GD5|R$ 620,78
Placa de Vídeo PNY Quadro A2000 RTX A2000 NVIDIA GeForce 12GB , GDDR6 192bits - Vcnrtxa200012GB-pb|R$ 4.899,00
Suporte para Placa De Vídeo Coolmoon, LED ARGB 5V 3 Pinos, 280mm, Preto, Controlável|R$ 150,76
Placa De Vídeo Gamer G-force Gt730 128bit 4gb Ddr3 HDMI Vga|R$ 344,90
Placa De Vídeo Gt610, 2gb Ddr3, PCi-e 2.0x16, Clock 1000mhz, 64bits,upgrade PC HDMI Vga Dvi, Estudos, Home Office|R$ 174,99
Placa de Vídeo Zotac NVIDIA GeForce RTX 3060 Twin Edge, 12GB GDDR6 - ZT-A30600E-10M|R$ 2.752,98
Placa de Vídeo Galax GT 1030, NVIDIA GeForce 2GB, DDR5, 64 Bits, 6008MHz - 30NPH4HVQ4ST|R$ 686,08
Placa De Vídeo Nvidia Geforce Gigabyte RTX5090 Windforce Oc 32gb Gddr7 512 Bits - 9vn5090wo-00-g10|R$ 22.500,00
Placa De Vídeo Rx580 Radeon Amd, 8GB, GDDR5, 256bit PCwinmax|R$ 1.111,47
Placa de Vídeo ASUS TUF RTX 5060 TI O16G GAMING NVIDIA GeForce, 16GB GDDR7, 128 bits, DLSS 4, Ray Tracing - 90YV0MG0-M0NA00|R$ 4.299,99
Placa de Vídeo Inno3D RTX 5080 X3 OC NVIDIA GeForce, 16GB, GDDR7, G-Sync, Ray Tracing, DLSS 4, HDR - N50803-16D7X-17603930|R$ 9.999,90
Placa de Vídeo ASUS TUF RTX 5070 O12G GAMING NVIDIA Geforce, 12GB, GDDR7, Blackwell, DLSS4, Edição OC - 90YV0LZ0-M0NA00|R$ 5.599,99
Placa de Vídeo Inno3D RTX 5070 X3 OC NVIDIA GeForce, 12GB, GDDR7, 2512MHz, Blackwell, DLSS 4 - N50703-12D7X-195064L|R$ 4.999,99
Placa de Vídeo Quadro RTX A2000 PNY NVIDIA, 12GB GDDR6, Ray Tracing - VCNRTXA200012GB-PB|R$ 5.399,99
Placa de Vídeo RX 550 Phantom Gaming ASRock AMD, 4GB, GDDR5 - 90-GA07ZZ-00UANF|R$ 999,99
Placa de Vídeo Inno3D RTX 5070 Twin X2 OC NVIDIA GeForce, 12GB, GDDR7, 2542MHz, Blackwell, Ray Tracing, DLSS 4 - N50702-12D7X-195064N|R$ 4.799,99
Placa de Vídeo RX 6500 XT Gaming D OC ASRock Radeon Phantom, 4GB, GDDR6, 64 Bit, Dual Fan - 90-GA3DZZ-00UANF|R$ 1.399,99
Placa de Vídeo MSI GeForce RTX 5080 16G VENTUS 3X OC WHITE NVIDIA GeForce, 16GB, GDDR7, FP4 e DLSS 4 - G5080-16V3CW|R$ 10.499,99
Placa De Video Zotac Geforce RTX 4060 Twin Edge 8GB Gddr6 128bit - Zt-d40600e-10m|R$ 2.739,71
Suporte Para Placa De Vídeo Vertical Redragon Gcp03w, Branco|R$ 99,00
Placa de Vídeo Galax NVIDIA GeForce GT710, 2G,B DDR3, 64Bits - 71GPF4HI00GX|R$ 384,33
Placa de Vídeo Galax NVIDIA GeForce GTX 1660, 6GB GDDR5, 1-Click OC - 60SRH7DSY91C|R$ 2.643,40
Placa de video Gpu Rx 550, 4GB, GDDR5, 128 Bits Projeto Edge - Pvex5504gbdf|R$ 530,91
Placa De Vídeo RTX 4070 12gb Gddr6 Palit Dual 192 Bits|R$ 4.899,90
Placa De Vídeo R5 220 Pcyes AMD Radeon 2GB, DDR3, 64 Bits - Pper5dr3lpbr|R$ 250,00
Suporte Argb Para Placa De Video Cooler Master - Mca-u000r-gsbtg-00|R$ 237,85
Placa de Vídeo PCYes NVIDIA GeForce GT 740, 4GB DDR5, 128 Bits - PA740GT12804D5FZ|R$ 516,57
Placa De Vídeo Pny Nvidia Quadro RTX 2000 Ada Generation, 16gb Gddr6, 128bits - VcnRTX2000ada-pb|R$ 5.999,90
Placa De Vídeo Vx Pro Duex GT 210 GeForce 1GB, DDR3, 64 Bits, Low Profile, VGA/HDMI/DVI - G210lp-1gd3|R$ 143,44
Placa De Vídeo Keepdata Geforce GT 730, 2GB, DDR3 - Low Profile Kdgt730-2gd3/128b|R$ 366,94
Placa De Vídeo BRX Geforce GTX 750, 4GB, 128 Bits|R$ 478,16
Placa de Vídeo Quadro T1000 PNY NVIDIA 4GB, GDDR6 - VCNT1000-PB|R$ 2.999,99
Suporte P/ Placa De Vídeo Ajustável Preto Com Base Imantada Ax-b100|R$ 64,99
Placa De Vídeo PCyes Nvidia Geforce Gt 710 2gb Ddr3 64 Bits Low Profile - Ppet7102gblp|R$ 294,15
Placa De Vídeo 4060 Ti Ex White V2 Geforce, 8GB, GDDR6, Dlss, Ray Tracing - 46isl8md8bew|R$ 3.989,99
Placa De Vídeo Gigabyte Geforce RTX 5060 Ti Windforce 8GB Gddr7 128 Bits - Gv-n506twf2-8gd|R$ 3.259,00
Placa De Vídeo Duex Nvidia Geforce Gt610lp, 2gb, Ddr3, 64bit|R$ 169,89
Placa de Vídeo PCYes AMD Radeon 5450, 1GB DDR3, 64 Bits - PJ54506401D3LP|R$ 336,00
Placa De Vídeo 16gb Msi Geforce RTX5060 Ti 912-v535-027|R$ 4.299,00
Placa Vídeo Nvidia Gaming Geforce Gt730 2gb Ddr3 PCi Express|R$ 286,81
Placa De Vídeo Gigabyte Geforce RTX 5070 Eagle Oc Ice Sff 12gb Gddr7 192 Bits - Gv-n5070eagleoc Ice-12gd|R$ 6.656,79
Placa De Vídeo Msi, Nvidia, Geforce RTX 4080, 16GB, 256 Bit, GDDR6x|R$ 8.249,01
Placa De Vídeo Gigabyte Geforce RTX 5070 Windforce Oc Sff 12gb Gddr7 192 Bits - Gv-n5070wf3oc-12gd|R$ 4.899,00
Placa de Vídeo PNY NVIDIA GeForce Quadro T1000, 8GB GDDR6 - VCNT10008GB-PB|R$ 3.549,11
Placa De Video Amd Radeon Xfx Gaming Rx 7800xt Speedster 16gb Ddr6 Qick319 HDMI 3xdp 3 Fan - Rx-78tqickf9|R$ 3.893,69
Placa de Vídeo Palit RTX 5070 Ti GameRock NVIDIA GeForce, 16GB, GDDR7, ARGB SYNC EVO, G-Sync, Ray Tracing, DLSS 4 - NE7507T019T2-GB2030G|R$ 6.599,99
Placa de Vídeo ASRock RX 9070 Steel Legend OC AMD Radeon, 16GB, GDDR6, FidelityFX, RDNA - 90-GA5EZZ-00UANF|R$ 5.899,99
Placa de Vídeo RX 7900 XTX Vapor-X Sapphire, Nitro + AMD, 24 GB GDDR6 - 11322-01-40G|R$ 8.799,90
Placa De Video Nvidia Geforce Gt210/1g 1|R$ 168,90
Placa de Vídeo ASUS PRIME RX 9070 XT O16G AMD Radeon, 16GB, GDDR6, Axial-tech, OpenGL 4.6 - 90YV0L71-M0NA00|R$ 6.499,99
Placa de Vídeo MSI RTX 5070 Ti 16G VANGUARD SOC LAUNCH EDITION NVIDIA GeForce, 16GB, GDDR7, 2602MHz, DLSS 4 - G507T-16VGSL|R$ 8.199,90
Placa De Vídeo Pcyes Nvidia Geforce Gtx 1050 Ti, 4 GB Gddr5, 128bits, Dual Fan, Graffiti Series|R$ 1.154,90
Placa De Vídeo Nvidia Geforce 2gb Gt 705, Gdrr3, 64 Bit, Gt705/2g - Revenger|R$ 171,00
Placa de Vídeo Knup NVIDIA GeForce GT730, 2GB DDR3, 128 Bits, VGA/HDMI/DVI - KP-GT730/AB|R$ 565,24
Placa de Vídeo Galax NVIDIA GeForce GTX 1630, 4GB DDR6, 64 Bits|R$ 1.755,10
Placa De V?deo Vx Pro Nvidia Geforce Gtx1050 Ti, 4gb, 128bits, Gtx1050ti-4gd5 Vx Pro|R$ 892,67
Placa De Video Intel Arc A380 Challenger Itx 6gb Oc A380 Cli 6go Asrock|R$ 1.367,80
Placa de Vídeo Galax NVIDIA GeForce RTX 3050 EX, 6GB, GDDR6, 96 Bits - 35NRLDMD9OEX|R$ 2.194,90
Placa de Vídeo Afox NVIDIA GeForce GT730, 4GB DDR3, 128 Bits, HDMI, DVI, VGA - AF730-4096D3L6|R$ 449,99
Placa de Vídeo Dex AMD R7 240, 2GB DDR5, 128 Bits, VGA/DVI/HDMI - PV-04A|R$ 390,21
Placa De Vídeo Nvidia Geforce Msi RTX5060ti 8GB Gddr7 128bits Ventus 2x Oc Plus 912-v536-024|R$ 3.811,98
Placa de Vídeo MSI GeForce RTX 5080 16G GAMING TRIO OC WHITE, NVIDIA, 16GB, GDDR7, Até 2715MHz - G5080-16GTCW|R$ 12.999,99
Gpu Gt 1030 4gb GDDR4 64bit Single Fan Low Profile - Pagt10304gbg4lp|R$ 899,90
Placa De Vídeo Gainward RTX3050 Pegasus 6gb Gddr6 96bits Ne63050018je-1070e|R$ 1.754,81
Placa de Vídeo Gainward NVIDIA GeForce GTX 1050 TI, 4GB GDDR5, 128 Bits - NE5105T018G1-1070F|R$ 1.402,18
Placa de Vídeo Inno3D RTX 5070 Twin X2 OC WHITE NVIDIA GeForce, 12GB, GDDR7, 2542MHz, Blackwell, DLSS4 - N50702-12D7X-195064W|R$ 4.999,90
Placa De Video Vxpro 2gb Nvidia Gt 730 Ddr3 Low Profile Vxgt730lp-2gd3-a|R$ 263,65
Placa De Vídeo GDDR5 2gb 128bit PCle 3.0|R$ 471,00
Placa De Video PCyes Geforce Gt 610, 2gb, GDDR3, 64-bit, Ppe610dr3lpbr|R$ 205,86
Placa De Vídeo Nvidia Duex Geforce Gt 730, 4GB, GDDR3, 128 Bits - Gt730lp-4gd3|R$ 1.320,13
Placa De Video Pny Nvidia Quadro RTX 4000 Ada 20gb Gddr6 160-bit VcnRTX4000ada-pb|R$ 13.028,94
Placa de Vídeo RTX 5000 Ada PNY NVIDIA Quadro , 32GB, GDDR6, 256bits - VCNRTX5000ADA-PB|R$ 28.999,90
Placa de Vídeo Galax NVIDIA GeForce GTX 1050 TI, 4GB GDDR5, 1Click OC Dual, 128 Bits - 50IQH8DSQ3CC|R$ 1.522,36
Placa De Vídeo Keepdata Geforce Gtx960 4gb Ddr5 PCi-express|R$ 1.060,20
Placa De Video PCyes Geforce RTX 3050 6gb Gddr6 96bits PvRTX30506blpe|R$ 1.651,38
Placa De Vídeo PCyes RTX 3050 Projeto Edge 8GB Gddr6 128 Bits - PvRTX30508wtpe|R$ 2.999,88
Placa de Vídeo Asus AMD, 12GB GDDR6 - TUF-RX6700XT-O12G-GAMING|R$ 11.039,20
Placa De Vídeo Pcyes GTX 750 Ti NVIDIA GeForce, GDDR5 2GB, 128bits, Dual Fan - Pj750tir5df 3568|R$ 656,03
Placa De Vídeo Amd Radeon Geforce Rx 570 GDDR5 4gb PCyes|R$ 899,00
Placa de Vídeo MSI NVIDIA GeForce Gaming X GTX 1660 Super, 6GB, 192 Bits|R$ 2.132,90
Placa de Vídeo Colorful iGame GeForce RTX 4070 Ti SUPER Vulcan W OC, 16GB-V, Branco - iGame GeForce RTX 4070 Ti SUPER|R$ 8.999,99
Placa de Vídeo Afox NVIDIA GeForce GTX750, 2GB GDDR5, 128 Bits, HDMI, DVI, VGA - AF750-2048D5L4|R$ 823,35
Placa de Vídeo XFX RX 7700XT SPEEDSTER SWFT210 Gaming AMD Radeon, 12GB, GDDR6, 192bits, 2544MHz, RDNA 3 - RX-77TSWFTFP|R$ 3.599,99
Placa de Vídeo MSI RTX 5080 16G SUPRIM LIQUID SOC NVIDIA GeForce, 16GB, GDDR7, G-Sync, Ray Tracing, DLSS 4, HDR - G5080-16SLS|R$ 13.999,99
Placa De Vídeo RTX 5070 Ti 16gb Inspire 3x Oc Plus Msi - 912-v531-099|R$ 7.950,81
Placa de Vídeo Quadro A800 PNY Nvidia, 40GB HBM2, 5120bits - VCNA800-PB|R$ 94.999,99
Placa de Vídeo XFX Swift RX 9070 XT WHITE TRIPLE FAN GAMING EDITION WITH AMD Radeon, 16GB, GDDR6, HDMI 3xDP, RDNA 4 - RX-97TSWF3W9|R$ 5.999,99
Placa de Vídeo PCYes AMD Radeon RX 550, 4GB, PCI Express, Freesync - PJRX550DR5128B|R$ 1.359,32
Placa de Vídeo RX 7700 XT Challenger 12G OC ASRock AMD Radeon, 12GB GDDR6 - 90-GA4QZZ-00UANF|R$ 3.899,99
Placa de Vídeo Galax NVIDIA GeForce RTX 3070, 8GB RAM, LHR, 1-Click OC - 37NSL6MD2KCH|R$ 4.229,10
Placa De Vídeo Pcyes Nvidia Geforce G 210, 1GB, DDR3, 64Bits - Pvg2101gbr364lp|R$ 248,90
Placa de Vídeo PCYES, AMD RX550, 4GB RAM, Open GL 4.6, DP+HDMI+DVI, Windows e Linux|R$ 854,05
Placa De Vídeo Gigabyte RTX 5090 Windforce Oc 32g Nvidia Geforce, 32gb, Gddr7, G-sync, Dlss 4, Ray Tracing, Hdr - Gv-n5090wf3oc-32gd|R$ 21.366,45
Placa De Video Gigabyte Geforce RTX 5080 Gaming Oc 16gb Gddr7 256 Bits|R$ 13.608,90
Placa De Vídeo Evolut Gpu Gt730 4gb Ddr3 128 Bit Atx|R$ 419,90
Placa De Video Brx Rx580 16gb 2048sp 256bit|R$ 1.561,72
Placa De Vídeo Asus Geforce RTX 5070 Ti Prime Oc 16gb Gddr7 256bits - Prime-RTX5070ti-o16g|R$ 9.200,00
Placa De Vídeo Gigabyte Amd Radeon Rx 9070 Xt Gaming Oc 16gb Gddr6 256bit|R$ 5.999,00
Placa de Vídeo MSI NVIDIA GeForce GTX 1050 TI 4GT OC, 4GB, Até 3 Monitores - 912-V809-2272|R$ 1.287,93
Cabo Riser Pci-e 3.0 X16 Thermaltake Premium - Ac-045-cn1otn-c1|R$ 575,15
Placa De Vídeo Gigabyte Nvidia Geforce RTX 5070 Ti Windforce Oc Sff, 16gb, Gddr7, Dlss, Ray Tracing, Gv-n507twf3oc-16gd|R$ 9.185,95
Placa De Vídeo RTX 4080, Super Asus Rog Strix, Nvidia, 16GB, GDDR6X, Dlss, Ray Tracing|R$ 11.249,85
Placa de Vídeo Galax, NVIDIA GeForce RTX 3050 V2, 8GB GDDR6, LHR, 1-Click OC, DLSS, Ray Tracing - 35NSL8MD5YBP|R$ 1.949,00
Placa De Vídeo G-force 4gb Gt730 128bit Ddr3 HDMI Vga|R$ 344,90
Placa de Vídeo Palit NVIDIA GeForce RTX 3050 Dual, 8GB GDDR6, LHR, DLSS, Ray Tracing - NE63050019P1|R$ 3.843,55
Placa De Vídeo Star 2gb Geforce Gt610 Ddr3 PCi Express Graphic Series|R$ 324,57
Vga Asus Gf RTX5080 16gb Gddr7 256bits -prime-RTX5080-16g|R$ 13.518,90
Placa De Video 4gb R7 240 Ddr5 128bits Vga/hdmi/dvi Pj7r240dr5 Pcyes|R$ 629,90
Placa De Vídeo Asus RTX5090 Rog Astral Gaming Oc Nvidia Geforce, 32gb, Gddr7, ARGB, G-sync, Ray Tracing, Dlss 4, Hdr - 90yv0lw0-m0na00|R$ 27.290,00
Placa De Vídeo Rtx3050 8gb Twin X2 V2 Gddr6 Inno3d - N30502-08d6-1711va41|R$ 2.069,79
Placa De Vídeo Inno3d Gt730, 4GB, SDDR3, 64-bit|R$ 615,85
Placa De Vídeo Aitek Delta NVidia Geforce GT 730 4GB DDR3 128 Bits VGA HDMI DVI|R$ 300,42
Placa de Vídeo Afox NVIDIA GeForce GT420, 2GB DDR3 - AF420-2048D3L2|R$ 319,49
Placa de Vídeo Nvidia Duex GT730, 4GB, DDR3, 128 Bits, Low Profile, HDMI, DVI, VGA - GT730LP-4GD3|R$ 459,00
Placa de Vídeo PCYes AMD Radeon R5 230, 2GB DDR3, 64 Bits - PA230DR364LP|R$ 244,01
Placa De Video Quadro 4GB Ddr6 64bit Vcnt4004GB-pb T400 Pny|R$ 1.452,21
Placa de Vídeo Galax GT 210 Nvidia GeForce 1GB, DDR3, 64-bits - 21GGF4HI00NP|R$ 199,99
Placa De Video Galax Geforce RTX 4070 Teclab Dual 12gb Gddr6x 192 Bits - 47nom7mdabxv|R$ 7.148,90
Placa de Vídeo Afox NVIDIA GeForce GT240, 1024 MB, PCI Express 2.0, VGA, HDMI, DVI|R$ 243,90
Placa de Vídeo RTX 5080 WINDFORCE OC SFF 16G Gigabyte NVIDIA GeForce, 16GB GDDR7, 256bits, DLSS, Ray Tracing - 9VN5080WO-00-G10|R$ 13.999,99
Placa de Vídeo Inno3D RTX 5070 Twin X2 NVIDIA GeForce, 12GB, GDDR7, Ray Tracing, Blackwell, DLSS 4 - N50702-12D7-195064N|R$ 4.399,99
Placa de Vídeo Galax RTX 5060 EX White NVIDIA GeForce, 8GB, 2587 MHz, 128bits GDDR7, DLSS 4, G-SYNC, DirectX 12 Ultimate - 56ISN8MDCQWH|R$ 2.799,99
Placa de Vídeo PCYes NVIDIA GeForce G210, 1GB DDR3, HDMI/VGA/DVI - PA210G6401D3LP|R$ 279,00
Placa de Vídeo Gigabyte RTX 5070 AORUS MASTER 12G NVIDIA GeForce, 12GB GDDR7, 192bits, RGB, DLSS, Ray Tracing - 9VN5070AM-00-G10|R$ 5.999,90
Placa de Vídeo Palit RTX 5070 Ti GamingPro V1 GeForce NVIDIA, 16GB, GDDR7, 2452 MHz, DLSS 4, Tripe Fan, Ray Tracing - NE7507T019T2-GB2031Y|R$ 6.999,99
Placa de Vídeo Afox NVIDIA GeForce GT730, 2GB DDR3, HDMI/DVI/VGA|R$ 488,96
Placa de Vídeo Sapphire PULSE RX 9070 GAMING AMD Radeon, 16GB, GDDR6, Dual HDMI, Dual DP, RDNA 4 - 11349-03-20G|R$ 5.879,90
Placa De Video Pny Nvidia Quadro RTX 5000 Ada 32gb Gddr6 256-bit VcnRTX5000ada-pb|R$ 43.270,88
Placa de Vídeo RTX 4000 PNY NVIDIA Quadro Ada SFF, 20GB GDDR6, 160bits - VCNRTX4000ADALP-PB|R$ 10.778,99
Placa De Vídeo Zotac Nvidia RTX 4060, Spider-Man, 8GB, 128bits, Oc|R$ 2.873,72
Placa De Vídeo RTX 5070 Ti 16gb Gddr7 256bits Gaming Trio Oc Plus Msi - 912-v531-058|R$ 10.601,99
Placa De V?deo Vx Pro Nvidia Geforce Gtx750 Ti, 2gb, 128bits, Gtx750ti-2gd5 *|R$ 759,00
Placa De Video Winfox G210 1gb G210-1gd3 Ddr3 Box|R$ 136,07
Placa de Vídeo PCyes Radeon R5 230, 2GB, DDR3, Projeto Edge, Low Profile|R$ 187,06
Placa de Vídeo DEX NVIDIA GeForce GTX 750TI 700 Series, 2GB DDR5 - PV-07|R$ 1.160,81
Placa de Vídeo Asus NVIDIA GeForce RTX 2060, 12GB GDDR6, 128 Bits - DUAL-RTX2060-O12G-EVO|R$ 4.691,91
Placa De V?deo Vx Pro Amd Radeon Rx550, 2gb, 128bits, Rx550-2gd5 Vx Pro|R$ 544,50
Placa de Vídeo Afox NVIDIA GeForce GT610, 2GB DDR3 - AF610-2048D3L5|R$ 345,05
Placa De Video Nvidia Gt 1030 4gb GDDR4 64bit PCyes Single Fan Com Adaptador Para Gabinete Low Profile|R$ 736,23
Placa De Vídeo Asrock Arc A310 Low Profile, 4gb, Gddr6, 64-bit, Preto|R$ 1.029,21
Placa de Vídeo Gigabyte NVIDIA GeForce RTX 2060 D6, 6GB GDDR6, 192 Bits|R$ 4.419,79
Placa De Vídeo Gigabyte Geforce RTX 5070 Aero Oc 12gb Gddr7 192 Bits - Gv-n5070aero Oc-12gd|R$ 7.055,91
Placa de Vídeo Afox AMD Radeon R5 230, 1GB DDR3, Low Profile - AFR5230-1024D3L4|R$ 193,49
Placa De Vídeo Gigabyte Amd Radeon Rx 9070 Gaming Oc 16gb Gddr6 256bit|R$ 5.999,00
Placa De Vídeo Pny RTX A400 4gb, Gddr6, 64-bits, 4x Mdp - VcnRTXa400atx-pb|R$ 1.737,90
Placa De Vídeo Gt210, 1gb Ddr3, PCi-e 2.0x16, Clock 600mhz, 64bits,upgrade PC HDMI Vga Dvi, Pronta Entrega|R$ 133,40
Placa de Vídeo Afox NVIDIA GeForce GT220, 1024 MB DDR3, 128 Bits, Low Profile, HDMI, DVI, VGA - AF220-1024D3L2|R$ 284,17
Placa de Vídeo Inno3D RTX 5080 X3 OC WHITE NVIDIA GeForce, 16GB, GDDR7, G-Sync, Ray Tracing, DLSS 4, HDR - N50803-16D7X-17605211|R$ 8.999,99
Placa de Vídeo Afox AMD Radeon RX 560, 4GB GDDR5, 128 Bits - AFRX560-4096D5H4-V2|R$ 1.473,19
Placa de Vídeo Gainward NVIDIA GeForce RTX 3070 Phoenix GS, 8GB GDDR6, RGB|R$ 7.929,37
Placa de Vídeo RTX 2000 Ada PNY Nvidia Quadro 16GB GDDR6, 128bits - VCNRTX2000ADA-PB|R$ 78.080,32
Placa de Vídeo PNY NVIDIA GeForce Quadro RTX A4000, 16GB, 256 Bits|R$ 9.130,90
Placa De Vídeo Gt610 Duex Nvidia GeForce, 1GB, GDDR3 64 Bits Low Profile - Gt610lp-1gd3|R$ 173,50
Placa De Video Gigabyte Geforce RTX 5080 Aorus Master 16gb Gddr7 256 Bits|R$ 16.230,51
Placa De Vídeo Gigabyte Amd Radeon Rx 9070 Xt Elite, 16gb, Gddr6, Fsr, Ray Tracing, Gv-r9070xtaorus E-16gd|R$ 7.999,90
Placa De Video Galax Geforce RTX 5080 1-click Oc, 16gb, Gddr7, 256-bit, 58nzn6mdbboc|R$ 10.291,99
Placa de Vídeo ASUS PRIME RX 9070 O16G AMD Radeon, 16GB, GDDR6, Axial-tech, OpenGL 4.6 - 90YV0LI1-M0NA00|R$ 6.299,99
Placa De Vídeo RX 6750 XT Mech 2x 12G V1 Radeon, 12GB, GDDR6, Freesync, Dual Fan|R$ 6.299,20
Placa De Vídeo Asrock Radeon Rx 7600 Steel Legend Oc, 8GB, Gddr6, 128-bit, Fsr, Ray Tracing, Branco|R$ 2.699,00
Placa de Vídeo Afox NVIDIA GeForce GT730, 4GB DDR3, 128 Bits, HDMI/DVI/VGA|R$ 304,73
Gpu Msi RTX 5080 16g Ventus 3x Oc, Gddr7, 256-bits, 3x Dp / 1x HDMI - G5080-16v3cw|R$ 14.587,50
Placa De Vídeo RTX 5070 Ti 16gb Phoenix Gddr7 256bits Gainward - Ne7507t019t2-gb2031x|R$ 8.216,01
Placa De Vídeo RTX 5080 16gb Phantom Gs Gd7 256b Gainward - Ne75080t19t2-gb2030p|R$ 12.388,40
Placa de Vídeo Challenger ASRock, AMD Radeon RX 7600, 8GB, GDDR6, 128 Bits - 90-GA41ZZ-00UANF|R$ 2.474,56
Placa De Vídeo PCyes RTX 3050 Projeto Edge 8GB Gddr6 128 Bits - PvRTX30508blpe|R$ 2.049,56
Suporte P/ Placa De Video, Em Gabinete, Deepcool, GH-01 A-RGB|R$ 229,90
Placa De Vídeo Zotac, RTX 3050, 6GB, Lp Gddr6, 96bits - Zt-a30510l-10l|R$ 1.459,90
Placa de Vídeo PCYes NVIDIA GeForce GT 1030, 2GB GDDR5|R$ 689,00
Placa de Vídeo Revenger Nvidia GeForce GT730, 4GB DDR3, PCIe|R$ 338,90
Placa De Vídeo Afox Nvidia GeForce GT 610, 1GB, DDR3, 64bit - AF610-1024D3L5|R$ 169,00
Placa de Vídeo MSI NVIDIA GeForce GTX 1650 D6 Ventus OCV1, 4GB, GDDR6 - 912-V809-3616|R$ 1.079,10
Placa de Vídeo PNY Nvidia Quadro RTX A1000, 08GB GDDR6, 128bits - VCNRTXA1000ATX-PB|R$ 3.999,99
Placa De Vídeo Palit Gamingpro Rtx 3080 - 12GB, 384 BITS|R$ 6.799,00
Placa De Vídeo Evolut Gt730, 4GB, DDR3, 128 Bit, HDMI|R$ 363,24
Placa de Vídeo ASRock RX 9070 Challenger AMD Radeon, LED, 16GB, GDDR6, FidelityFX, RDNA - 90-GA5NZZ-00UANF|R$ 6.060,00
Placa de Vídeo Knup NVIDIA GeForce Revenger GTX 750TI Gamer, 2GB DDR5, DVI, VGA, HDMI - GTX750TI/2G|R$ 744,75
Placa de Vídeo RTX A6000 PNY NVIDIA Quadro, 48 GB GDDR6, Ray Tracing - VCNRTXA6000-PB|R$ 39.999,99
Placa De Vídeo Nvidia Pcyes Geforce RTX 3050, 8GB, 128 BITS - PVRTX30508GB|R$ 1.977,60
Placa De Vídeo Inno3d Geforce Rtx 3060 12GB Twin X2, Gddr6, Dlss, Ray Tracing, 3x Dp / 1x HDMI - N30602-12d6-119032ah|R$ 2.959,99
Placa De Vídeo Star 2GB, GT610, DDR3, 64bit, VGA/HDMI/DVI Low Profile - Gt610-graphic|R$ 195,11
Placa De Video Nvidia Geforce Gt 1030 2Gb Gddr5 64bit, Single Fan Low Profile - Pa1030gtg5lp|R$ 995,88
Placa De Vídeo Nvidia Gpu GT 210, 512MB, DDR3, 64bits, PCIe|R$ 129,90
Placa de Vídeo Gainward NVIDIA GeForce GT 1030, 2GB DDR4, 64 Bits, Low Profile Nec - 103000646-1082F D|R$ 825,14
Placa De Vídeo BRX, Nvidia GTX 1660 Super, 6GB, GDDR 6, 192Bit, VGA|R$ 2.080,53
Placa De Vídeo Geforce RTX 4080 Super Amp 16gb Gddr6x - Zt-s4082f-10p|R$ 12.342,76
Placa de Vídeo Palit Geforce GTX 1050 TI Stormx, 4GB, GDDR5, 128 Bits - NE5105T018G1-1070F|R$ 1.511,40
Placa De Video Pcyes Nvidia Geforce, Rtx 3060, 12GB, DDR6, 192 Bit, Graffiti Series, FULL Size, Dual Fan - Pgs3060fs192|R$ 2.429,10
Placa de Vídeo Asus AMD RX6500 XT, 4GB, 64 Bits, Dual|R$ 1.520,00
Placa De Vídeo Zotac Gaming Geforce RTX 4060 Twin Edge Oc, 8GB, Gddr6, 128-bit, Branco|R$ 3.026,43
Placa de Video Zotac GeForce RTX 4080 AMP Extreme Airo, 16GB, GDDR6X, 256 bit - ZT-D40810B-10P|R$ 11.533,24
Bloco Vga Barrow Para Rtx 3080, 3080 Ti E 3090 Aorus - Bs-gix3090-pa2|R$ 699,00
Placa De Vídeo RTX5060 Windforce Nvidia Gigabyte, 8GB, GDDR7, 128 Bits - 9vn5060w-00-G10|R$ 3.089,90
Placa de Vídeo Galax GeForce RTX 5070 Ti 16GB, GDDR7, 256-bit 1-Click OC|R$ 8.549,91
Placa De Vídeo BRX AMD R5 240, 2GB, GDDR 3, 128Bit|R$ 269,90
Placa De Video Nvidia Geforce Gt 730 4gb 128bits GDDR3 HDMI|R$ 335,00
Placa De Vídeo Zotac Gaming Geforce RTX 4060 Ti Twin Edge Oc, 8GB, Gddr6, 128-bit, RGB|R$ 4.035,19
Placa De Vídeo Rx 550 Phantom Gaming Asrock Amd 4gb GDDR5 128bits- 90-ga07zz-00uanf|R$ 932,56
Placa De Video Gigabyte Geforce RTX 5080 Aero Oc 16gb Gddr7 256 Bit|R$ 11.333,00
Placa De Vídeo 16gb Gainward Geforce RTX 5080 Phoenix|R$ 12.759,90
Placa De Vídeo Pcyes Radeon R5 220, 2GB, GDDR3, 64 BITS, Low Profile - PVR52202GBR364|R$ 209,10
Placa De Video Zotac Nvidia Geforce RTX 5080 Solid 16gb Oc Gddr7 Dlss Ray Tracing Zt-b50800j-10p|R$ 11.109,00
Placa De Video PCyes Geforce RTX 3050 White 6gb Gddr6 96bits PvRTX30506wtpe|R$ 1.735,14
Placa De Vídeo RTX 5070 12gb Gddr7 192its Shadow 3x Oc Msi - 912-v532-008|R$ 5.479,00
Placa De Vídeo Pcyes GT 740 NVIDIA GeForce 4GB, GDDR5, 128Bits, Single Fan - Pvgt7404gbr5128|R$ 651,06
Bloco Vga Barrow Para Rtx 3060ti E 3070 Asus Strix - Bs-ass3070-pa|R$ 599,00
Placa De Vídeo PCyes Geforce Gt 730, 4gb, Ddr5, 128bits - Pvgt730gb4pe|R$ 509,95
Placa De Video Inno3d Geforce RTX 5070 Twin X2 12gb 192bits Gddr7 N50702-12d7-195064n|R$ 6.076,99
Gpu Inno3d Geforce RTX 5070 X3 Oc 12gb 192bits Gddr7 N50703-12d7x-195064l|R$ 6.989,76
Placa De Vídeo Arktek Cyclops Gaming 1gb Geforce Gt610 Ddr3 - Akn610d3s1gl1|R$ 307,97
Placa Mãe Fm2/fm2 Séries Cp Clipset Amda68 A88 16gb Usb 3.0|R$ 239,90
Gpu Gigabyte Radeon Rx 7600 Xt 16gb Gaming Oc, Gddr6, 128-bits, 2x Dp / 2x HDMI - Gv-r76xtgaming Oc-16gd|R$ 4.214,00
Placa De Video Inno3d Geforce RTX 5080 X3 16gb Gddr7 256bits N50803-16d7-176068n|R$ 12.602,08
Placa De Video Msi Geforce RTX 3050 Low Profile Oc 6gb - 96 Bits - 2 HDMI/1x Dp - 912-v812-023|R$ 2.057,97
Placa De Vídeo Inno3d Geforce RTX 5060 Ti Twin X2, 8GB,gddr7|R$ 4.144,00
Placa De Video Geforce RTX5090 32gb Phantom Gs Gddr7 512bits Gainward Ne75090s19r5-gb2020p|R$ 24.277,78
Placa De Video Zotac Geforce RTX 5070 Solid Oc 12gb Gddr7 192 Bit|R$ 6.994,71
Placa De Vídeo Geforce RTX 5060 8g Ventus 2x Oc 128 Bits|R$ 3.999,99
Placa de Vídeo MSI RTX 5060 8G VENTUS 3X OC NVIDIA Geforce, 8GB, GDDR7, 128bits, DLSS 4, Triple Fan, OpenGL 4.6 - Geforce RTX 5060 8G VENTUS 3X OC|R$ 2.999,99
Placa de Vídeo MSI RTX 5060 8G GAMING OC NVIDIA Geforce, 8GB, GDDR7, 128bits, DLSS 4, OpenGL 4.6 - Geforce RTX 5060 8G GAMING OC|R$ 3.199,99
Placa De Vídeo Gtx1050ti Nvidia, 4gb GDDR5, Clock 7008mhz, 128 Bit, PCi Express 3.0 Resolução Máxima 7680x4320px, Displayport, HDMI E Dvi, Alto Desempenho|R$ 1.080,90
Vga Gainward Nv Gf RTX4060 8GB Python 11 Gd6 128bits|R$ 2.699,00
Placa De Vídeo Asrock Amd Radeon Rx 6500 Xt Pg 8go 8GB Gddr6 64 Bits - 90-ga3vzz-00uanf|R$ 1.762,90
Placa De Vídeo Asrock Arc A770 Challenger Oc, 16gb, Gddr6, 256-bit, Preto|R$ 2.535,46
Placa De Vídeo Valianty Geforce Gt 750ti, 2gb, GDDR5, 128-bit, Preto|R$ 517,90
Placa de Vídeo Galax RTX5060 1-Click OC NVIDIA GeForce, 8GB, 128bits, GDDR7, G-SYNC, DirectX 12 Ultimate - 56NSN8MDDCOC|R$ 2.699,99
Placa de Vídeo MSI RTX 5060 8G VENTUS 2X OC Geforce NVIDIA, 8GB, GDDR7, 128 bits, 2535 MHz, DLSS 4, Ray Tracing - G5060-8V2C|R$ 2.699,99
Placa De Video Evga Geforce 210 1gb Ddr3|R$ 310,65
Placa De Video Asus Geforce Gtx 1050 Ti Oc Cerberus Edition 4gb GDDR5 128bits|R$ 2.052,00
Placa De Vídeo RTX5090 32gb Phantom Gs Gd7 512b Gainward Ne75090s19r5-gb2020p|R$ 24.204,91
Vga Gainward Nv Gf RTX5060 Ti 16gb Python Iii Oc Gddr7 128bits Ne7506ts19t1 Gb2061t|R$ 4.490,00
Placa De Video Gigabyte RTX 5070 Ti Aorus Master 16gb Gddr7 256 Bits Gv-n507taorus M-16gd|R$ 9.999,00
Placa De Vídeo Nvidia Geforce Msi RTX5060ti 8GB Gddr7 128bits Gaming Oc 912-v536-026|R$ 3.999,00
Placa De Vídeo Geforce Gtx 750 2gb GDDR5 128bits - Bluecase Bp-gtx750-2gd5dbx|R$ 519,99
Placa De Vídeo Gigabyte Geforce RTX 5070 Ti Gaming Oc 16gb Gddr7 256 Bits - Gv-n507tgaming Oc-16gd|R$ 11.182,61
Placa De Vídeo Gigabyte RTX 5070 Ti Eagle Ice Sff 16gb Gddr7 256 Bits - Gv-n507teagleoc Ice-16gd|R$ 10.517,74
Placa De Vídeo Gigabyte Geforce RTX 5060 Ti Gaming Oc 8GB Gddr7 128 Bits - Gv-n506tgaming Oc-8gd|R$ 4.377,90
Placa De Video Gigabyte Geforce RTX 5090 Aorus Master Ice 32gb Gddr7 512bits Gv-n5090aorusmice|R$ 27.761,24
Placa De Video Gainward RTX 5060 Ti Ghost Oc 8GB Gddr7 128 Bits - Ne7506tt19p1-gb2062b|R$ 3.865,01
Placa De Vídeo RTX5070 12gb Phoenix Gddr7 192bits Gainward - Ne75070019k9-gb2050x|R$ 6.239,87
Placa De Vídeo Gigabyte RTX 5060 Ti Eagle Oc 16gb Gddr7 256bits - Gv-n506teagle Oc-16gd|R$ 4.763,90
Placa de Vídeo GALAX RTX 5060 TI 1-Click OC 16GB NVIDIA GeForce, 128bits, GDDR7, DLSS 4, Ray Tracing - 56IZN8MDCPOC|R$ 3.999,99
Placa De Vídeo RTX 5070 1 Click Oc 2x Nvidia Galax, 12GB, 192 Bits, 3x Displayport/HDMI - 57non7mdbroc|R$ 4.988,99
Placa De Vídeo Asrock Rx6600 8GB Clw, Gddr6, 128-bits, 3x Dp/ 1x HDMI - Rx6600 Clw 8g|R$ 1.759,00
Placa De Vídeo Nvidia Geforce Galax RTX 5070 1 Click Oc White 2x 12gb - 192 Bits - HDMI/3x Displayport - 57non7mdbswh|R$ 5.159,00
Placa de Vídeo Amd Grafico Rx9070 Xt Sl 16gb, 2970mhz, Branco|R$ 5.899,00
Placa De Vídeo Gigabyte Nvidia Geforce RTX 5070 Windforce Sff, 12gb, Gddr7, Dlss, Ray Tracing|R$ 5.199,00
Placa de Vídeo Amd Grafico Rx9070 Xt Sl 16gb, 2970mhz, Branco|R$ 5.899,00
Placa De Video Nvidia Geforce G210 1gb Ddr3 64 Bits PCyes Com Kit Low Profile|R$ 146,30
Placa De Vídeo Nvidia Geforce Gigabyte RTX5060 Ti 16gb Windforce Gddr6 128bits - 9vn506tw-00-g10|R$ 5.444,00
Nvidia Geforce Gigabyte RTX 5070ti Windforce Sff 16gb 256bits Gddr7 - Gv-n507twf3-16gd|R$ 7.599,00
Placa de Vídeo Knup NVIDIA GeForce Gamer Revenger GT 740, 2GB DDR5, VGA, DVI, HDMI - GT740/2G|R$ 332,50
Placa De Video 2gb Gf Gtx750ti PCi-e PCyes 128bits Ddr5 Pa750tir5df|R$ 689,90
Gpu Nvidia Geforce Gt730 2gb Ddr5 128 Bit Projeto Edge Low Profile Single Fan - Pvgt730gb2pe|R$ 647,88
MBA 15 SLV 10C GPU 24GB|R$ 14.108,81
MBA 13 SLV 10C GPU 24GB|R$ 13.063,64
Gpu Nvidia Geforce Gt740 2gb GDDR5 128 Bit Single Fan Projeto Edge - Pvgt740gb2pe|R$ 719,88
Placa De Vídeo Rx 560 4gb GDDR5 128bits Bluecase|R$ 689,99
Placa De Video Amd Radeon 9070 Xt Xfx Quicksilver Gaming 16gb Rx-97tqickb9|R$ 8.023,99
Placa De Vídeo Inno3d RTX 5070 Twin X2 Oc Nvidia Geforce, 12gb, Gddr7, 2542mhz, Blackwell, Ray Tracing, Dlss 4 - N50702-12d7x-195064n|R$ 7.799,00
Gpu Inno3d Geforce RTX 5080 X3 Oc 16gb 256-bit N50803-16d7x-17603930|R$ 12.776,14
Placa De Video VHDCi Dell/nvidia Quadro Nvs 420 QuadPort DVi-D SL 0K7223|R$ 1.630,00
Placa De Captura ELGA to Game Capture Hd60 S Usb 3.0|R$ 2.900,00
Placa Controladora Cabeça Impressão Lexmark X925 40x8119|R$ 2.272,68
Placa De Video Winnfox 2gb Gt610lp|R$ 249,40
GPU GT730 GFORCE PCI-E 4GB DDR3 1284BITS JOINWIN|R$ 607,05
Placa de Vídeo Keepdata GT730, 2GB, DDR3, VGA, 128bit - Kdgt730-2gd3/|R$ 329,79
Placa De Video Amd Radeon 9070 Xt Xfx Quicksilver Gaming 16gb Rx-97tqickb9|R$ 8.023,99
Gpu Nvidia Geforce Gt730 2gb Ddr5 128 Bit Projeto Edge Low Profile Single Fan - Pvgt730gb2pe|R$ 647,88
Placa de Vídeo RTX 5080 SHADOW 3X OC 16G MSI NVIDIA GeForce, 16GB GDDR7, 256bits, DLSS, Ray Tracing - 912-V531-031|R$ 12.350,00
Placa De Vídeo Gigabyte RTX 5060 Ti Eagle Oc Ice 16gb Gddr7 128bits - Gv-n506teagleoc Ice-16gd|R$ 4.892,90
Placa De Vídeo Asus RTX 5070 Ti Tuf Gaming 16gb Gddr7 256 Bits 90yv0md1-m0na00|R$ 10.557,90
Placa de Vídeo Galax RTX 5060 EX NVIDIA GeForce, 8GB, 128bits, GDDR7, 2617 MHz, G-SYNC, DLSS 4, DirectX 12 Ultimate - 56ISN8MDCREX|R$ 2.699,99
Nvidia Geforce Gigabyte RTX 5070ti Windforce Sff 16gb 256bits Gddr7 - Gv-n507twf3-16gd|R$ 7.599,00
Placa De Vídeo Nvidia Geforce Gigabyte RTX5060 Ti 16gb Windforce Gddr6 128bits - 9vn506tw-00-g10|R$ 5.444,00
Placa De Video Nvidia Geforce G210 1gb Ddr3 64 Bits PCyes Com Kit Low Profile|R$ 146,30
Placa De Vídeo Amd Gigabyte Radeon Rx9060 Xt 16gb Gaming Oc Gddr6 128bits - 9vr906xtgo-00-g10|R$ 5.199,00
Placa De Vídeo Amd Gigabyte Radeon Rx9060 Xt 8GB Gaming Oc Gddr6 128bits - 9vr9068xgo-00-g10|R$ 4.899,00
Placa De Vídeo Asrock Intel Arc B570 Challenger Oc 10gb Gddr6 160 Bits - 90-ga5kzz-00uanf|R$ 2.574,90
Placa De Video Gigabyte Geforce RTX 5060 Eagle Oc 8GB Gddr7 128bits Gv-n5060eagleoc-8gd|R$ 3.319,90
Placa De Vídeo Nvidia Geforce Galax RTX5060ti 16gb Gddr7 128 Bits Black Gf 1-click Oc - 561zn8mdcpoc|R$ 4.449,99
Vga Gainward Nv Gf RTX5060 Ti 8GB Ghost Gddr7 128bits Ne7506t019p1 Gb2062b|R$ 3.459,49
Placa De Video Gigabyte Geforce RTX 5060 Ti Eagle Oc 8g Gddr7 128bits Gv-n506teagleoc-8gd|R$ 4.206,41
Placa De Vídeo Gigabyte RTX 5090 32gb Aorus Master, Gddr7, 512-bits, 3x Dp / 1x HDMI - Gv-n5090aorus M-32gd|R$ 26.851,00
Placa De Vídeo Asrock Arc A750 Challenger D Oc, 8GB, Gddr6, 256-bit, Preto|R$ 2.249,90
Placa de Vídeo Galax RTX 4060 1-Click OC 2X GEN2 NVIDIA GeForce, 8GB, 128bit, GDDR6, G-SYNC, DirectX 12 Ultimate - 527210-0134|R$ 2.299,99
Hp Quadro Placa Gráfica P6000 - 24 Gb GDDR5x|R$ 5.580,00
Placa de Vídeo Knup NVIDIA GeForce, 2GB DDR3, 64 Bits, VGA, HDMI, Para PC - KP-GT730/BB|R$ 585,16
Placa De Video 4gb Gtx750ti 128bit Dvi/hdmi/vga Ddr5 Lp Gtx 750 Ti Szmz|R$ 646,07
Placa de Vídeo GT610 Keepdata, 2GB, DDR3, VGA, 64bit - Kdgt610-2gd3/6b|R$ 259,90
Placa De Vídeo RTX 3070 G/pro 8GB Gddr6 256 Bits-graffiti.|R$ 3.854,68
Placa De Vídeo Manli RTX 3050 6gb, Gddr6, 96-bits, Dual-fan, 1x Dp / 1x HDMI - M-nRTX3050/6rehp-m2587.|R$ 1.768,90
Placa De Vídeo Brx Nvidia Gt 1030 4gb Ddr4 HDMI Vga|R$ 869,90
Placa De Vídeo Brx Nvidia Gt 1030 2gb GDDR5 HDMI Vga|R$ 834,90
Amd Radeon Rx 7900 Gre 16gb Gddr6 256bits - Xfx - Rx-79gmercb9|R$ 7.089,99
Placa de Vídeo MSI RTX 5080 16G VANGUARD SOC NVIDIA GeForce, 16GB GDDR7, 256-bi, 2745MHz, FP4 and DLSS 4, Ray Tracing - G5080-16VGS|R$ 14.999,99
Placa De Video Palit Geforce RTX 5070 Gaming Pro, 12gb, Gddr7, 192bit ARGB Sync Evo, G-sync, Ray Tracing, Dlss 4 - Ne75070019k9-gb2050a|R$ 7.011,44
Placa De Vídeo Msi RTX 5070 12gb Gddr7 192 Bits Shadow 2x Oc 912-v532-011|R$ 8.094,90
Placa De Video Dell/Nvidia 600 05yghk|R$ 620,00
Placa Mãe Vxpro, Chipset H110, Intel LGA 1151, Slot M.2, Micro Atx, Dual Chanel Ddr4 - Vx H110xg M.2|R$ 540,81
Gpu Inno3d Geforce RTX 5080 X3 Oc White 16gb 256 Bits Gddr7 N50803-16d7x-17605211|R$ 13.237,26
Placa De Vídeo Msi Geforce RTX 5080 16g Shadow 3x Oc RTX5080 16gb Gdrr7 256b Dx12 PCie 5.0 X16 (3xdp 1xhdmi)|R$ 12.990,00
Placa De Video Palit Geforce RTX 5080 Gamingpro 16gb 256 Bits Oc Ne75080s19t2-gb2031a|R$ 13.088,51
Placa De Video Tgt Geforce Gt730, 4gb, GDDR3, 128-bit, Tgt-gt730-4gb|R$ 549,00
Placa de Vídeo XFX Quicksilver RX 9070 XT WHITE GAMING EDITION WITH AMD Radeon, 16GB, GDDR6, HDMI 3xDP, RDNA 4 - RX-97TQICKW9|R$ 5.999,99
Placa De Vìdeo Geforce Gt 610 2gb GDDR4 64bits - PCwinmax - Gt610lp-2gd3|R$ 214,99
"Vga Asrock Rx 9070 Xt Taichi Oc| ARGB| 16gb| Gddr6 - 90-ga5hzz-00uanf"|R$ 6.990,00
Placa De Video Asus RTX 5070 Prime 12gb Gddr7 192bits - Prime-RTX5070-12g|R$ 5.660,99
Placa de Vídeo Galax GeForce RTX 5060 1-Click OC NVIDIA GeForce, 8GB, 128bits, GDDR7, G-SYNC, DLSS 4, Launch Edition - 56NSN8MDCPLE|R$ 2.699,99
Placa de Vídeo MSI RTX 5060 8G VENTUS 2X OC WHITE Geforce NVIDIA, 8GB, GDDR7, 128 bits, 2535 MHz, DLSS 4, Ray Tracing - G5060-8V2CW|R$ 2.899,99
Placa De Vídeo Asus Prime RTX 5070 Ti 16gb, Gddr7, 256-bits, 3x Dp / 1x HDMI - Prime-RTX5070ti-16g|R$ 12.281,25
Placa De Vídeo Nvidia Geforce Msi RTX5070ti 16gb Gddr7 256its Shadow 3x Oc 912-v531-097|R$ 7.999,00
Placa de Vídeo AFOX GT 1030 NVIDIA GeForce 2GB, DDR5, HDMI/DVI|R$ 893,00
Placa De Video Gpu Rx 550 4gb GDDR5 128 Bits Single Fan Graffiti Series PCyes|R$ 1.681,50
Placa De Vídeo GDDR3 1gb Gt340, Clock 600mhz, PCi-e 2.0 16x, Upgrade PC HDMI Dvi Vga|R$ 160,63
Geforce RTX 5070 Ti Eagle Oc Sff 16gb 256bits Gddr7 Gv-n507teagle Oc-16gd|R$ 9.656,90
Placa De Vídeo Gigabyte RTX 5070 Eagle Oc Sff 12gb Gddr7 192bits - Gv-n5070eagle Oc-12gd|R$ 6.308,90
Placa De Vídeo Rx 6500 Xt Gaming D Oc Asrock Radeon Phantom, 4GB, GDDR6, 64 Bit, Dual Fan - 90-ga3dzz-00uanf|R$ 1.694,73
Placa De Vídeo Msi RTX 5070 12gb Gddr7 192 Bits Ventus 2x Oc 912-v532-009|R$ 8.015,25
Placa De Vídeo Gainward RTX 5070 Phoenix Gs, 12gb, Gddr7, G-sync, Ray Tracing, Dlss 4 - Ne7507ts19t2-gb203|R$ 5.999,93
Placa De Video Msi Geforce RTX 5070 Gaming Trio Oc 3x 12gb - 192 Bits - HDMI/3x Dp - 912-v532-019|R$ 7.256,10
Placa De Vídeo Gigabyte RTX5060 Ti Aero Oc, 8GB, 128 Bit, Gddr7, PCie, 7680x4320, Ray Tracing, Dlss|R$ 4.158,86
Placa De Video Gigabyte Geforce RTX 5060 Aero Oc 8GB Gddr7 128bits Gv-n5060aerooc-8gd|R$ 3.509,66
Placa De Video 8GB Quadro P4000 Ddr5 256bits 4xdisplayport Vcqp4000-sb Pny|R$ 3.935,25
Placa De Video Gigabyte RTX 5070 Ti Aero Oc 16gb Gddr7 256 Bits Gv-n507taero Oc-16gd|R$ 8.599,00
Placa De Vídeo Gpu Inno3d Geforce RTX 4060 Twin X2 Oc, 8GB, GDDR6, 128-bit N40602-08d6x-173051n|R$ 3.272,90
Placa De Vídeo Zotac Geforce RTX 4070 Ti Super Solid Oc 16gb Gddr6x - Zt-d40730rc-10p|R$ 9.710,13
Placa De Vídeo Gigabyte RTX 5070 Eagle Oc Sff 12gb Gddr7 192bits - Gv-n5070eagle Oc-12gd|R$ 6.308,90
Placa De Vídeo Zotac Geforce RTX 4070 Ti Super Solid Oc 16gb Gddr6x - Zt-d40730rc-10p|R$ 9.710,13
Placa De Vídeo Gpu Inno3d Geforce RTX 4060 Twin X2 Oc, 8GB, GDDR6, 128-bit N40602-08d6x-173051n|R$ 3.272,90
Placa de Video 1Gb GT710 Ddr3 64bit Vga/Dvi/Hdmi Low Profile AF710-1024D3 Afox|R$ 327,27
Placa de Vídeo AFOX GeForce GTX750TI, 2GB, GDDR5, 128 Bits, HDMI/DVI/VGA - AF750TI-2048D5H5-V7|R$ 920,70
Ek Quantum Vector Ftw3 RTX 2080 Ti D-RGB - Nickel + Plexi|R$ 719,10
Placa de Vídeo Gainward NVIDIA GeForce GTX 1660 Super, 6GB GDDR6, 192 Bits, Dual FAN|R$ 5.592,00
Adaptador Para Duas Fontes E Mineração Psuad 2psu/1pc Tx-n02-b 4pinos Molex|R$ 21,90
Placa de Vídeo Galax NVIDIA GeForce RTX 3050, 8GB GDDR6, 128 Bits|R$ 2.380,00
Bloco VGA Barrow Para Rtx 3080 (ti) E Rtx 3090 Msi Gaming Trio - Bs-msg3090m-pa|R$ 599,00
Placa de Vídeo PCYes AMD Radeon R5 230, 2GB DDR3, 64 Bits, Low Profile - PJ230R364|R$ 424,00
